Phase	Subject_ID	VISCODE	Visit	Sequence	Scan_Date	Study_ID	Series_ID	Image_ID	Original	Is_Dicom	Path
ADNI1	018_S_0057	m24	ADNI1/GO Month 24	PIB_Co-registered,_Averaged	2008-02-08	14574	45492	90692	False	True	
ADNI1	007_S_0101	m24	ADNI1/GO Month 24	PIB_Co-registered,_Averaged	2008-02-22	14738	46051	92968	False	True	
ADNI1	007_S_0101	m36	ADNI1/GO Month 36	PIB_Co-registered,_Averaged	2009-01-08	19273	61420	133442	False	True	
ADNI1	127_S_0112	m24	ADNI1/GO Month 24	PIB_Co-registered,_Averaged	2008-02-29	14882	46570	97377	False	True	
ADNI1	127_S_0112	m36	ADNI1/GO Month 36	PIB_Co-registered,_Averaged	2009-01-23	19593	62435	135559	False	True	
ADNI1	007_S_0128	m24	ADNI1/GO Month 24	PIB_Co-registered,_Averaged	2008-03-20	15102	47309	99807	False	True	
ADNI1	007_S_0128	m36	ADNI1/GO Month 36	PIB_Co-registered,_Averaged	2009-02-26	20024	63639	137136	False	True	
ADNI1	128_S_0138	m12	ADNI1/GO Month 12	PIB_Co-registered,_Averaged	2007-05-22	13436	87455	179830	False	True	
ADNI1	128_S_0138	m24	ADNI1/GO Month 24	PIB_Co-registered,_Averaged	2008-02-21	14785	87470	179834	False	True	
ADNI1	128_S_0138	m36	ADNI1/GO Month 36	PIB_Co-registered,_Averaged	2009-07-09	22435	87483	179838	False	True	
ADNI1	037_S_0150	m12	ADNI1/GO Month 12	ADNI_PET_Brain	2007-05-18	8935	32446	54866	True	True	
ADNI1	037_S_0150	m24	ADNI1/GO Month 24	ADNI_PET_Brain_PIB	2008-02-27	14807	46281	92994	True	True	
ADNI1	037_S_0150	m36	ADNI1/GO Month 36	ADNI_PIB_Brain	2009-03-25	20519	65059	139830	True	True	
ADNI1	018_S_0155	m24	ADNI1/GO Month 24	PIB_Co-registered,_Averaged	2008-03-04	15213	47637	99964	False	True	
ADNI1	018_S_0155	m36	ADNI1/GO Month 36	PIB_Co-registered,_Averaged	2009-03-13	20963	66008	141733	False	True	
ADNI1	128_S_0188	m12	ADNI1/GO Month 12	PIB_Co-registered,_Averaged	2007-05-11	9689	87354	179842	False	True	
ADNI1	128_S_0188	m24	ADNI1/GO Month 24	PIB_Co-registered,_Averaged	2008-03-25	15170	87355	179846	False	True	
ADNI1	128_S_0188	m36	ADNI1/GO Month 36	PIB_Co-registered,_Averaged	2009-05-13	21522	87356	179850	False	True	
ADNI1	128_S_0200	m12	ADNI1/GO Month 12	PIB_Co-registered,_Averaged	2007-05-23	14051	91382	192396	False	True	
ADNI1	128_S_0200	m24	ADNI1/GO Month 24	PIB_Co-registered,_Averaged	2008-03-18	15121	91383	192400	False	True	
ADNI1	128_S_0200	m36	ADNI1/GO Month 36	PIB_Co-registered,_Averaged	2009-05-21	21616	91384	192404	False	True	
ADNI1	032_S_0214	m12	ADNI1/GO Month 12	PIB_Co-registered,_Averaged	2007-05-22	8969	32546	69520	False	True	
ADNI1	032_S_0214	m24	ADNI1/GO Month 24	PIB_Co-registered,_Averaged	2008-04-29	15754	49514	104624	False	True	
ADNI1	032_S_0214	m48	ADNI1/GO Month 48	PIB_Co-registered,_Averaged	2010-08-02	28525	91104	191542	False	True	
ADNI1	128_S_0216	m12	ADNI1/GO Month 12	PIB_Co-registered,_Averaged	2007-05-09	11942	87361	179864	False	True	
ADNI1	128_S_0216	m24	ADNI1/GO Month 24	PIB_Co-registered,_Averaged	2008-03-11	15122	87362	179868	False	True	
ADNI1	005_S_0222	m24	ADNI1/GO Month 24	PIB_Co-registered,_Averaged	2008-06-05	16251	51083	108644	False	True	
ADNI1	005_S_0223	m24	ADNI1/GO Month 24	PIB_Co-registered,_Averaged	2008-05-16	16252	51758	110260	False	True	
ADNI1	005_S_0223	m36	ADNI1/GO Month 36	PIB_Co-registered,_Averaged	2009-08-05	22739	71993	152824	False	True	
ADNI1	128_S_0225	m12	ADNI1/GO Month 12	PIB_Co-registered,_Averaged	2007-05-16	11943	85246	174606	False	True	
ADNI1	128_S_0225	m24	ADNI1/GO Month 24	PIB_Co-registered,_Averaged	2008-03-31	15465	85247	174610	False	True	
ADNI1	128_S_0225	m36	ADNI1/GO Month 36	PIB_Co-registered,_Averaged	2009-07-08	22173	85248	174614	False	True	
ADNI1	128_S_0227	m12	ADNI1/GO Month 12	PIB_Co-registered,_Averaged	2007-06-01	13994	89229	187365	False	True	
ADNI1	128_S_0227	m24	ADNI1/GO Month 24	PIB_Co-registered,_Averaged	2008-04-15	15766	89242	187372	False	True	
ADNI1	128_S_0227	m36	ADNI1/GO Month 36	PIB_Co-registered,_Averaged	2009-08-11	22858	89248	187379	False	True	
ADNI1	128_S_0258	m12	ADNI1/GO Month 12	PIB_Co-registered,_Averaged	2007-05-25	11332	87359	179872	False	True	
ADNI1	128_S_0258	m24	ADNI1/GO Month 24	PIB_Co-registered,_Averaged	2008-06-04	16299	87360	179876	False	True	
ADNI1	127_S_0259	m24	ADNI1/GO Month 24	PIB_Co-registered,_Averaged	2008-04-11	15509	48782	102907	False	True	
ADNI1	127_S_0259	m36	ADNI1/GO Month 36	PIB_Co-registered,_Averaged	2009-03-27	20601	65198	140166	False	True	
ADNI1	041_S_0262	m12	ADNI1/GO Month 12	PIB_Co-registered,_Averaged	2007-05-18	9003	32652	70162	False	True	
ADNI1	041_S_0262	m24	ADNI1/GO Month 24	PIB_Co-registered,_Averaged	2008-05-02	15790	49614	104877	False	True	
ADNI1	041_S_0262	m36	ADNI1/GO Month 36	PIB_Co-registered,_Averaged	2009-04-16	21124	66447	142605	False	True	
ADNI1	041_S_0262	m48	ADNI1/GO Month 48	PIB_Co-registered,_Averaged	2010-04-12	25965	83256	171432	False	True	
ADNI1	128_S_0266	m12	ADNI1/GO Month 12	PIB_Co-registered,_Averaged	2007-05-17	10481	85249	174618	False	True	
ADNI1	128_S_0266	m24	ADNI1/GO Month 24	PIB_Co-registered,_Averaged	2008-04-24	15811	85254	174622	False	True	
ADNI1	128_S_0272	m12	ADNI1/GO Month 12	PIB_Co-registered,_Averaged	2007-05-30	14052	91702	192556	False	True	
ADNI1	128_S_0272	m24	ADNI1/GO Month 24	PIB_Co-registered,_Averaged	2008-05-02	15919	91709	192560	False	True	
ADNI1	128_S_0272	m36	ADNI1/GO Month 36	PIB_Co-registered,_Averaged	2009-06-05	21994	91903	192568	False	True	
ADNI1	041_S_0282	m12	ADNI1/GO Month 12	PIB_Co-registered,_Averaged	2007-05-25	9021	32693	70166	False	True	
ADNI1	007_S_0293	m24	ADNI1/GO Month 24	PIB_Co-registered,_Averaged	2008-04-17	15537	48870	103465	False	True	
ADNI1	037_S_0327	m12	ADNI1/GO Month 12	ADNI_PET_Brain	2007-05-30	9069	32852	55613	True	True	
ADNI1	037_S_0327	m24	ADNI1/GO Month 24	ADNI_PET_Brain_PIB	2008-05-15	15984	50236	105845	True	True	
ADNI1	037_S_0327	m36	ADNI1/GO Month 36	ADNI_PiB_Brain_PIB	2009-06-23	21901	69120	146636	True	True	
ADNI1	007_S_0344	m24	ADNI1/GO Month 24	PIB_Co-registered,_Averaged	2008-04-23	15637	49168	103866	False	True	
ADNI1	007_S_0344	m36	ADNI1/GO Month 36	PIB_Co-registered,_Averaged	2009-06-11	21662	68471	147818	False	True	
ADNI1	007_S_0344	m48	ADNI1/GO Month 48	PIB_Co-registered,_Averaged	2010-06-22	27423	87755	186980	False	True	
ADNI1	037_S_0377	m24	ADNI1/GO Month 24	ADNI_PET_Brain_PIB	2008-07-31	17171	54585	114989	True	True	
ADNI1	037_S_0377	m36	ADNI1/GO Month 36	ADNI_PIB_Brain	2009-08-17	22873	72486	153266	True	True	
ADNI1	032_S_0400	m12	ADNI1/GO Month 12	PIB_Co-registered,_Averaged	2007-08-07	10573	37008	69524	False	True	
ADNI1	032_S_0400	m24	ADNI1/GO Month 24	PIB_Co-registered,_Averaged	2008-05-01	15791	49615	104794	False	True	
ADNI1	007_S_0414	m24	ADNI1/GO Month 24	PIB_Co-registered,_Averaged	2008-06-12	16368	51522	109482	False	True	
ADNI1	010_S_0419	m12	ADNI1/GO Month 12	PIB_Co-registered,_Averaged	2007-08-22	11858	39140	73667	False	True	
ADNI1	010_S_0419	m24	ADNI1/GO Month 24	PIB_Co-registered,_Averaged	2008-07-17	17046	54454	115218	False	True	
ADNI1	010_S_0419	m36	ADNI1/GO Month 36	PIB_Co-registered,_Averaged	2009-06-19	21942	69314	148551	False	True	
ADNI1	010_S_0420	m12	ADNI1/GO Month 12	PIB_Co-registered,_Averaged	2007-09-28	13044	41638	78156	False	True	
ADNI1	010_S_0420	m24	ADNI1/GO Month 24	PIB_Co-registered,_Averaged	2008-10-03	17879	57033	119465	False	True	
ADNI1	010_S_0420	m36	ADNI1/GO Month 36	PIB_Co-registered,_Averaged	2009-08-21	22922	72675	154756	False	True	
ADNI1	037_S_0467	m12	ADNI1/GO Month 12	ADNI_PET_Brain	2007-07-02	9498	34290	58284	True	True	
ADNI1	037_S_0467	m24	ADNI1/GO Month 24	ADNI_PET_Brain-PIB	2008-05-19	16008	50326	106087	True	True	
ADNI1	037_S_0467	m48	ADNI1/GO Month 48	ADNI__3D_PIB_4i_16s	2010-03-25	25576	81984	169089	True	True	
ADNI1	128_S_0500	m12	ADNI1/GO Month 12	PIB_Co-registered,_Averaged	2007-05-29	10311	90351	190421	False	True	
ADNI1	128_S_0500	m24	ADNI1/GO Month 24	PIB_Co-registered,_Averaged	2008-05-29	16244	90449	190425	False	True	
ADNI1	094_S_0526	m12	ADNI1/GO Month 12	PIB_Co-registered,_Averaged	2007-06-06	9171	33196	70219	False	True	
ADNI1	005_S_0546	m24	ADNI1/GO Month 24	PIB_Co-registered,_Averaged	2008-10-09	17941	57244	121221	False	True	
ADNI1	005_S_0546	m36	ADNI1/GO Month 36	PIB_Co-registered,_Averaged	2009-09-16	23212	73833	155308	False	True	
ADNI1	041_S_0549	m12	ADNI1/GO Month 12	PIB_Co-registered,_Averaged	2007-08-21	11211	38003	71049	False	True	
ADNI1	037_S_0552	m12	ADNI1/GO Month 12	ADNI_PIB_Brain	2007-06-12	9246	33452	56744	True	True	
ADNI1	037_S_0552	m24	ADNI1/GO Month 24	ADNI_PET_BRAIN_PIB	2008-07-16	16894	53459	113261	True	True	
ADNI1	037_S_0566	m12	ADNI1/GO Month 12	ADNI_PET_Brain_PIB	2007-08-16	10742	37423	67920	True	True	
ADNI1	037_S_0566	m24	ADNI1/GO Month 24	ADNI_PET_Brain_PIB	2008-09-18	17754	56568	118146	True	True	
ADNI1	037_S_0566	m36	ADNI1/GO Month 36	ADNI__3D_PIB_4i_16s	2010-01-19	24650	78766	164250	True	True	
ADNI1	041_S_0598	m12	ADNI1/GO Month 12	PIB_Co-registered,_Averaged	2007-09-26	12357	40090	76830	False	True	
ADNI1	128_S_0608	m12	ADNI1/GO Month 12	PIB_Co-registered,_Averaged	2007-06-12	12967	90411	190537	False	True	
ADNI1	128_S_0608	m24	ADNI1/GO Month 24	PIB_Co-registered,_Averaged	2008-07-14	17051	90412	190541	False	True	
ADNI1	128_S_0608	m36	ADNI1/GO Month 36	PIB_Co-registered,_Averaged	2009-08-14	22954	90450	190545	False	True	
ADNI1	037_S_0627	m12	ADNI1/GO Month 12	ADNI_PET_Brain_PIB	2007-10-04	13082	40987	76826	True	True	
ADNI1	037_S_0627	m24	ADNI1/GO Month 24	ADNI_Pib_Brain_PIB	2008-08-01	17203	54684	115110	True	True	
ADNI1	137_S_0669	m12	ADNI1/GO Month 12	PIB_Co-registered,_Averaged	2007-09-24	12286	39979	77251	False	True	
ADNI1	137_S_0669	m36	ADNI1/GO Month 36	PIB_Co-registered,_Averaged	2009-08-18	22893	72556	153556	False	True	
ADNI1	006_S_0675	m12	ADNI1/GO Month 12	PIB_Co-registered,_Averaged	2007-12-12	14062	43920	85430	False	True	
ADNI1	006_S_0675	m24	ADNI1/GO Month 24	PIB_Co-registered,_Averaged	2009-01-19	19935	63358	136625	False	True	
ADNI1	041_S_0679	m12	ADNI1/GO Month 12	PIB_Co-registered,_Averaged	2007-10-26	13474	41984	79873	False	True	
ADNI1	041_S_0679	m24	ADNI1/GO Month 24	PIB_Co-registered,_Averaged	2008-08-18	17416	55474	116389	False	True	
ADNI1	041_S_0679	m36	ADNI1/GO Month 36	PIB_Co-registered,_Averaged	2009-07-23	22362	70573	150493	False	True	
ADNI1	018_S_0682	m12	ADNI1/GO Month 12	PIB_Co-registered,_Averaged	2007-09-04	12988	41754	78237	False	True	
ADNI1	007_S_0698	m12	ADNI1/GO Month 12	PIB_Co-registered,_Averaged	2007-09-20	12014	39673	75586	False	True	
ADNI1	007_S_0698	m24	ADNI1/GO Month 24	PIB_Co-registered,_Averaged	2008-09-03	17636	56163	117838	False	True	
ADNI1	007_S_0698	m36	ADNI1/GO Month 36	PIB_Co-registered,_Averaged	2009-09-08	23102	73410	155673	False	True	
ADNI1	032_S_0718	m12	ADNI1/GO Month 12	PIB_Co-registered,_Averaged	2007-08-20	11242	38034	70279	False	True	
ADNI1	006_S_0731	m12	ADNI1/GO Month 12	PIB_Co-registered,_Averaged	2007-09-06	11811	39049	72752	False	True	
ADNI1	006_S_0731	m24	ADNI1/GO Month 24	PIB_Co-registered,_Averaged	2008-09-23	17791	56694	118420	False	True	
ADNI1	127_S_0754	m12	ADNI1/GO Month 12	PIB_Co-registered,_Averaged	2007-09-28	12968	40807	76548	False	True	
ADNI1	127_S_0754	m24	ADNI1/GO Month 24	PIB_Co-registered,_Averaged	2008-10-03	18209	58053	124606	False	True	
ADNI1	137_S_0800	m12	ADNI1/GO Month 12	PIB_Co-registered,_Averaged	2007-10-03	13012	40897	77135	False	True	
ADNI1	137_S_0800	m24	ADNI1/GO Month 24	PIB_Co-registered,_Averaged	2008-09-17	17756	56570	118215	False	True	
ADNI1	137_S_0825	m12	ADNI1/GO Month 12	PIB_Co-registered,_Averaged	2007-11-07	13610	42418	81180	False	True	
ADNI1	128_S_0863	m12	ADNI1/GO Month 12	PIB_Co-registered,_Averaged	2008-01-08	14335	87353	179880	False	True	
ADNI1	041_S_0898	m12	ADNI1/GO Month 12	PIB_Co-registered,_Averaged	2007-11-02	13554	42223	80971	False	True	
ADNI1	041_S_0898	m24	ADNI1/GO Month 24	PIB_Co-registered,_Averaged	2008-12-09	19041	60728	130088	False	True	
ADNI1	041_S_0898	m36	ADNI1/GO Month 36	PIB_Co-registered,_Averaged	2009-11-13	23911	76523	159539	False	True	
ADNI1	127_S_0925	m12	ADNI1/GO Month 12	PIB_Co-registered,_Averaged	2007-11-30	13893	43372	84412	False	True	
ADNI1	127_S_0925	m24	ADNI1/GO Month 24	PIB_Co-registered,_Averaged	2008-11-21	18849	60266	129535	False	True	
ADNI1	127_S_0925	m36	ADNI1/GO Month 36	PIB_Co-registered,_Averaged	2009-11-06	23812	76085	159555	False	True	
ADNI1	128_S_0947	m12	ADNI1/GO Month 12	PIB_Co-registered,_Averaged	2008-01-10	14352	91380	192408	False	True	
ADNI1	128_S_0947	m24	ADNI1/GO Month 24	PIB_Co-registered,_Averaged	2009-02-04	19908	91381	192412	False	True	
ADNI1	137_S_0972	m12	ADNI1/GO Month 12	PIB_Co-registered,_Averaged	2007-12-11	13974	43612	85204	False	True	
ADNI1	137_S_0972	m24	ADNI1/GO Month 24	PIB_Co-registered,_Averaged	2008-12-09	19042	60731	130096	False	True	
ADNI1	137_S_0972	m36	ADNI1/GO Month 36	PIB_Co-registered,_Averaged	2009-12-02	23995	76868	161813	False	True	
ADNI1	137_S_0973	m12	ADNI1/GO Month 12	PIB_Co-registered,_Averaged	2007-12-13	14081	43959	85450	False	True	
ADNI1	137_S_0973	m24	ADNI1/GO Month 24	PIB_Co-registered,_Averaged	2008-12-03	18937	60470	129436	False	True	
ADNI1	137_S_0973	m36	ADNI1/GO Month 36	PIB_Co-registered,_Averaged	2009-11-24	23970	76754	161819	False	True	
ADNI1	032_S_0978	m12	ADNI1/GO Month 12	PIB_Co-registered,_Averaged	2007-12-18	14167	44116	85794	False	True	
ADNI1	024_S_0985	m12	ADNI1/GO Month 12	PIB_Co-registered,_Averaged	2007-11-06	13596	42365	81168	False	True	
ADNI1	024_S_0985	m24	ADNI1/GO Month 24	PIB_Co-registered,_Averaged	2008-11-03	18286	58281	125400	False	True	
ADNI1	024_S_0985	m36	ADNI1/GO Month 36	PIB_Co-registered,_Averaged	2009-11-04	23758	75873	159531	False	True	
ADNI1	137_S_0994	m12	ADNI1/GO Month 12	PIB_Co-registered,_Averaged	2008-01-29	14467	45120	89209	False	True	
ADNI1	137_S_0994	m24	ADNI1/GO Month 24	PIB_Co-registered,_Averaged	2008-12-04	18970	60566	129731	False	True	
ADNI1	137_S_0994	m36	ADNI1/GO Month 36	PIB_Co-registered,_Averaged	2009-11-20	23959	76717	159755	False	True	
ADNI1	041_S_1002	m12	ADNI1/GO Month 12	PIB_Co-registered,_Averaged	2007-12-12	14012	43746	85880	False	True	
ADNI1	041_S_1002	m24	ADNI1/GO Month 24	PIB_Co-registered,_Averaged	2008-11-14	18573	59336	127252	False	True	
ADNI1	041_S_1002	m36	ADNI1/GO Month 36	PIB_Co-registered,_Averaged	2009-12-17	24112	77340	164032	False	True	
ADNI1	041_S_1010	m12	ADNI1/GO Month 12	PIB_Co-registered,_Averaged	2007-12-10	13947	43532	87761	False	True	
ADNI1	041_S_1010	m24	ADNI1/GO Month 24	PIB_Co-registered,_Averaged	2008-12-08	18991	60639	129679	False	True	
ADNI1	041_S_1010	m36	ADNI1/GO Month 36	PIB_Co-registered,_Averaged	2009-12-04	24024	76968	161145	False	True	
ADNI1	127_S_1032	m12	ADNI1/GO Month 12	PIB_Co-registered,_Averaged	2008-02-29	14884	46572	97378	False	True	
ADNI1	127_S_1032	m24	ADNI1/GO Month 24	PIB_Co-registered,_Averaged	2008-12-05	18975	60576	129554	False	True	
ADNI1	137_S_1041	m12	ADNI1/GO Month 12	PIB_Co-registered,_Averaged	2007-12-18	14188	44176	85847	False	True	
ADNI1	137_S_1041	m24	ADNI1/GO Month 24	PIB_Co-registered,_Averaged	2008-12-18	19155	61059	132078	False	True	
ADNI1	128_S_1043	m12	ADNI1/GO Month 12	PIB_Co-registered,_Averaged	2008-02-15	14720	91537	192416	False	True	
ADNI1	024_S_1063	m12	ADNI1/GO Month 12	PIB_Co-registered,_Averaged	2007-11-20	13769	42936	83257	False	True	
ADNI1	024_S_1063	m24	ADNI1/GO Month 24	PIB_Co-registered,_Averaged	2008-11-17	18600	59440	127208	False	True	
ADNI1	024_S_1063	m36	ADNI1/GO Month 36	PIB_Co-registered,_Averaged	2009-11-18	23934	76625	159742	False	True	
ADNI1	037_S_1078	m12	ADNI1/GO Month 12	ADNI_PET_Brain_PIB	2007-12-17	14070	43946	85184	True	True	
ADNI1	037_S_1078	m36	ADNI1/GO Month 36	ADNI__3D_PIB_4i_16s	2010-03-01	25153	80518	167056	True	True	
ADNI1	006_S_1130	m12	ADNI1/GO Month 12	PIB_Co-registered,_Averaged	2008-01-30	14502	45246	89255	False	True	
ADNI1	006_S_1130	m24	ADNI1/GO Month 24	PIB_Co-registered,_Averaged	2009-02-23	19972	63468	136967	False	True	
ADNI1	006_S_1130	m36	ADNI1/GO Month 36	PIB_Co-registered,_Averaged	2010-02-09	25017	80043	166271	False	True	
ADNI1	024_S_1171	m12	ADNI1/GO Month 12	PIB_Co-registered,_Averaged	2008-01-29	14456	45081	89261	False	True	
ADNI1	024_S_1171	m24	ADNI1/GO Month 24	PIB_Co-registered,_Averaged	2009-02-11	19800	62961	135857	False	True	
ADNI1	094_S_1188	m12	ADNI1/GO Month 12	PIB_Co-registered,_Averaged	2008-02-06	14569	45477	96345	False	True	
ADNI1	094_S_1188	m24	ADNI1/GO Month 24	PIB_Co-registered,_Averaged	2009-01-26	19537	62279	135059	False	True	
ADNI1	005_S_1224	m12	ADNI1/GO Month 12	PIB_Co-registered,_Averaged	2008-04-23	15671	49291	104142	False	True	
ADNI1	005_S_1224	m24	ADNI1/GO Month 24	PIB_Co-registered,_Averaged	2009-05-08	21335	67187	143497	False	True	
ADNI1	129_S_1246	m12	ADNI1/GO Month 12	PIB_Co-registered,_Averaged	2008-05-06	15861	50009	105820	False	True	
ADNI1	129_S_1246	m24	ADNI1/GO Month 24	PIB_Co-registered,_Averaged	2009-03-03	20113	63941	138160	False	True	
ADNI1	041_S_1260	bl	ADNI Baseline	PIB_Co-registered,_Averaged	2007-04-27	9005	32654	70176	False	True	
ADNI1	041_S_1260	m12	ADNI1/GO Month 12	PIB_Co-registered,_Averaged	2008-02-27	14806	46280	95023	False	True	
ADNI1	041_S_1260	m24	ADNI1/GO Month 24	PIB_Co-registered,_Averaged	2009-02-12	19862	63218	136978	False	True	
ADNI1	024_S_1307	m12	ADNI1/GO Month 12	PIB_Co-registered,_Averaged	2008-03-11	14991	46921	97582	False	True	
ADNI1	024_S_1307	m24	ADNI1/GO Month 24	PIB_Co-registered,_Averaged	2009-03-05	20288	64397	138821	False	True	
ADNI1	007_S_1339	m12	ADNI1/GO Month 12	PIB_Co-registered,_Averaged	2008-05-01	15772	49565	104871	False	True	
ADNI1	007_S_1339	m24	ADNI1/GO Month 24	PIB_Co-registered,_Averaged	2009-07-28	22428	70880	151088	False	True	
ADNI1	005_S_1341	m12	ADNI1/GO Month 12	PIB_Co-registered,_Averaged	2008-04-30	15770	49563	104780	False	True	
ADNI1	005_S_1341	m24	ADNI1/GO Month 24	PIB_Co-registered,_Averaged	2009-07-21	22297	70348	150267	False	True	
ADNI1	127_S_1382	m12	ADNI1/GO Month 12	PIB_Co-registered,_Averaged	2008-04-25	15723	49396	104164	False	True	
ADNI1	024_S_1393	m12	ADNI1/GO Month 12	PIB_Co-registered,_Averaged	2008-04-10	15466	48630	102725	False	True	
ADNI1	024_S_1393	m24	ADNI1/GO Month 24	PIB_Co-registered,_Averaged	2009-05-11	21339	67195	143800	False	True	
ADNI1	024_S_1393	m36	ADNI1/GO Month 36	PIB_Co-registered,_Averaged	2010-04-19	26041	83478	234140	False	True	
ADNI1	094_S_1397	bl	ADNI Baseline	PIB_Co-registered,_Averaged	2007-05-24	9024	32701	70225	False	True	
ADNI1	094_S_1398	bl	ADNI Baseline	PIB_Co-registered,_Averaged	2007-05-23	8990	32700	70229	False	True	
ADNI1	094_S_1398	m12	ADNI1/GO Month 12	PIB_Co-registered,_Averaged	2008-06-25	16652	52516	113711	False	True	
ADNI1	094_S_1402	bl	ADNI Baseline	PIB_Co-registered,_Averaged	2007-06-05	9170	33195	70233	False	True	
ADNI1	094_S_1402	m12	ADNI1/GO Month 12	PIB_Co-registered,_Averaged	2008-06-04	16247	51072	109458	False	True	
ADNI1	128_S_1406	bl	ADNI Baseline	PIB_Co-registered,_Averaged	2007-05-31	13098	89454	187397	False	True	
ADNI1	128_S_1406	m12	ADNI1/GO Month 12	PIB_Co-registered,_Averaged	2008-08-05	17395	89455	187386	False	True	
ADNI1	128_S_1406	m24	ADNI1/GO Month 24	PIB_Co-registered,_Averaged	2009-06-25	21947	89456	187390	False	True	
ADNI1	128_S_1407	bl	ADNI Baseline	PIB_Co-registered,_Averaged	2007-06-08	11945	87439	180797	False	True	
ADNI1	128_S_1407	m12	ADNI1/GO Month 12	PIB_Co-registered,_Averaged	2008-07-29	17234	87442	180793	False	True	
ADNI1	128_S_1409	m24	ADNI1/GO Month 24	PIB_Co-registered,_Averaged	2009-04-03	20965	85255	183401	False	True	
ADNI1	128_S_1409	bl	ADNI Baseline	PIB_Co-registered,_Averaged	2007-06-11	13254	88897	183370	False	True	
ADNI1	041_S_1411	bl	ADNI Baseline	PIB_Co-registered,_Averaged	2007-10-09	13153	41163	77559	False	True	
ADNI1	041_S_1412	bl	ADNI Baseline	PIB_Co-registered,_Averaged	2007-08-24	11402	38313	71271	False	True	
ADNI1	041_S_1412	m12	ADNI1/GO Month 12	PIB_Co-registered,_Averaged	2008-07-22	17026	53990	114468	False	True	
ADNI1	137_S_1414	bl	ADNI Baseline	PIB_Co-registered,_Averaged	2007-08-31	11681	38759	77257	False	True	
ADNI1	137_S_1414	m12	ADNI1/GO Month 6	PIB_Co-registered,_Averaged	2008-03-10	14981	46883	117278	False	True	
ADNI1	137_S_1414	m24	ADNI1/GO Month 24	PIB_Co-registered,_Averaged	2009-09-24	23303	74204	155870	False	True	
ADNI1	094_S_1417	bl	ADNI Baseline	PIB_Co-registered,_Averaged	2007-08-21	11303	38106	76432	False	True	
ADNI1	094_S_1417	m12	ADNI1/GO Month 12	PIB_Co-registered,_Averaged	2008-08-06	17338	55194	117793	False	True	
ADNI1	041_S_1418	bl	ADNI Baseline	PIB_Co-registered,_Averaged	2007-07-11	9630	34845	70208	False	True	
ADNI1	041_S_1418	m12	ADNI1/GO Month 12	PIB_Co-registered,_Averaged	2008-08-22	17486	55758	117340	False	True	
ADNI1	041_S_1418	m24	ADNI1/GO Month 24	PIB_Co-registered,_Averaged	2009-08-06	22754	72064	152943	False	True	
ADNI1	041_S_1418	m36	ADNI1/GO Month 36	PIB_Co-registered,_Averaged	2010-11-22	29809	95121	207014	False	True	
ADNI1	127_S_1419	bl	ADNI Baseline	PIB_Co-registered,_Averaged	2007-09-07	12031	39571	75200	False	True	
ADNI1	127_S_1419	m12	ADNI1/GO Month 12	PIB_Co-registered,_Averaged	2008-08-22	17670	56280	117813	False	True	
ADNI1	127_S_1419	m24	ADNI1/GO Month 24	PIB_Co-registered,_Averaged	2009-08-18	23128	73497	154842	False	True	
ADNI1	041_S_1420	bl	ADNI Baseline	PIB_Co-registered,_Averaged	2007-10-23	13421	41867	80097	False	True	
ADNI1	037_S_1421	bl	ADNI Baseline	ADNI_PET_Brain_PIB	2007-10-15	13296	41500	77805	True	True	
ADNI1	037_S_1421	m12	ADNI1/GO Month 12	ADNI_PIB_Brain	2008-10-29	18199	58032	124394	True	True	
ADNI1	041_S_1423	bl	ADNI Baseline	PIB_Co-registered,_Averaged	2007-09-19	12026	39557	74963	False	True	
ADNI1	041_S_1423	m12	ADNI1/GO Month 12	PIB_Co-registered,_Averaged	2008-08-04	17253	54833	116032	False	True	
ADNI1	041_S_1425	m12	ADNI1/GO Month 12	PIB_Co-registered,_Averaged	2008-08-29	17628	56165	117434	False	True	
ADNI1	041_S_1425	m24	ADNI1/GO Month 24	PIB_Co-registered,_Averaged	2009-08-28	22982	72928	154022	False	True	
ADNI1	041_S_1425	m36	ADNI1/GO Month 36	PIB_Co-registered,_Averaged	2010-09-24	29128	92848	194262	False	True	
ADNI1	137_S_1426	bl	ADNI Baseline	PIB_Co-registered,_Averaged	2007-10-19	13404	41764	78320	False	True	
ADNI1	137_S_1426	m12	ADNI1/GO Month 12	PIB_Co-registered,_Averaged	2008-11-11	18422	58738	126078	False	True	
ADNI1	127_S_1427	bl	ADNI Baseline	PIB_Co-registered,_Averaged	2007-09-14	11933	39355	75204	False	True	
ADNI1	127_S_1427	m12	ADNI1/GO Month 12	PIB_Co-registered,_Averaged	2008-08-29	17672	56282	117821	False	True	
ADNI1	127_S_1427	m24	ADNI1/GO Month 24	PIB_Co-registered,_Averaged	2009-09-04	23129	73499	154850	False	True	
ADNI1	128_S_1430	bl	ADNI Baseline	PIB_Co-registered,_Averaged	2007-12-20	14214	87357	179888	False	True	
ADNI1	128_S_1430	m24	ADNI1/GO Month 24	PIB_Co-registered,_Averaged	2009-10-02	23639	87358	179884	False	True	
ADNI1	128_S_0135	m12	ADNI1/GO Month 12	PIB_Co-registered,_Averaged	2007-05-14	14053	89996	189844	False	True	
ADNI1	128_S_0135	m24	ADNI1/GO Month 24	PIB_Co-registered,_Averaged	2008-02-22	15252	89997	189848	False	True	
ADNI1	128_S_0135	m36	ADNI1/GO Month 36	PIB_Co-registered,_Averaged	2009-07-10	22208	89998	189852	False	True	
ADNI1	128_S_0167	m12	ADNI1/GO Month 12	PIB_Co-registered,_Averaged	2007-05-10	9667	85793	176151	False	True	
ADNI1	128_S_0167	m24	ADNI1/GO Month 24	PIB_Co-registered,_Averaged	2008-07-16	17392	85794	176155	False	True	
ADNI1	041_S_1391	bl	ADNI Baseline	PIB_Co-registered,_Averaged	2007-04-27	9004	32653	70192	False	True	
ADNI1	010_S_0422	m12	ADNI1/GO Month 12	PIB_Co-registered,_Averaged	2007-09-27	12961	40792	76897	False	True	
ADNI1	010_S_0422	m24	ADNI1/GO Month 24	PIB_Co-registered,_Averaged	2008-10-30	18250	58182	124888	False	True	
ADNI1	010_S_0422	m36	ADNI1/GO Month 36	PIB_Co-registered,_Averaged	2009-10-16	23692	75595	158129	False	True	
ADNI1	037_S_0454	m12	ADNI1/GO Month 12	ADNI_PET_Brain	2007-07-05	9547	34467	58619	True	True	
ADNI1	037_S_0454	m24	ADNI1/GO Month 24	ADNI_PET_Brain_PIB	2008-06-02	16176	50847	108013	True	True	
ADNI1	037_S_0454	m36	ADNI1/GO Month 36	ADNI_PIB_Brain	2009-07-08	22067	69697	148359	True	True	
ADNI1	006_S_0498	m12	ADNI1/GO Month 12	PIB_Co-registered,_Averaged	2007-09-25	12360	40093	75575	False	True	
ADNI1	006_S_0498	m24	ADNI1/GO Month 24	PIB_Co-registered,_Averaged	2008-10-21	18141	57853	123464	False	True	
ADNI1	006_S_0547	m12	ADNI1/GO Month 12	PIB_Co-registered,_Averaged	2007-09-17	12039	39592	74936	False	True	
ADNI1	006_S_0547	m24	ADNI1/GO Month 24	PIB_Co-registered,_Averaged	2008-09-10	17713	56423	117924	False	True	
ADNI1	137_S_0722	m12	ADNI1/GO Month 12	PIB_Co-registered,_Averaged	2007-10-11	13255	41414	77972	False	True	
ADNI1	137_S_0722	m24	ADNI1/GO Month 24	PIB_Co-registered,_Averaged	2008-09-18	17759	56580	118209	False	True	
